{
    "type": "service_account",
    "project_id": "training-448712",
    "private_key_id": "5c7d5b51be9bf1e283969b3106102b1c84db318e",
    "private_key": "",
    "client_email": "firebase-adminsdk-fbsvc@training-448712.iam.gserviceaccount.com",
    "client_id": "110729426493402736142",
    "auth_uri": "https://accounts.google.com/o/oauth2/auth",
    "token_uri": "https://oauth2.googleapis.com/token",
    "auth_provider_x509_cert_url": "https://www.googleapis.com/oauth2/v1/certs",
    "client_x509_cert_url": "https://www.googleapis.com/robot/v1/metadata/x509/firebase-adminsdk-fbsvc%40training-448712.iam.gserviceaccount.com",
    "universe_domain": "googleapis.com"
}